<?xml version="1.0" encoding="utf-8"?>
<odoo>
    <data noupdate="1">
        <record id="entry_document1" model="employee.checklist">
            <field name="name">Education Certificate</field>
            <field name="document_type">entry</field>
        </record>
        <record id="entry_document2" model="employee.checklist">
            <field name="name">Salary Certificate</field>
            <field name="document_type">entry</field>
        </record>
        <record id="entry_document3" model="employee.checklist">
            <field name="name">Experience Certificate</field>
            <field name="document_type">entry</field>
        </record>
        <record id="exit_document1" model="employee.checklist">
            <field name="name">Experience Certificate</field>
            <field name="document_type">exit</field>
        </record>
        <record id="exit_document2" model="employee.checklist">
            <field name="name">Salary Certificate</field>
            <field name="document_type">exit</field>
        </record>
    </data>
</odoo>